feature,importance
volatility_30s,0.3186642004364565
volatility_60s,0.28474445612394456
volatility_120s,0.193967884903924
price,0.07240708102267952
bid,0.05197764992767864
ask,0.0444245408847192
return_10s,0.008920657246893005
return_30s,0.007777977215767285
return_60s,0.006789893242323413
intensity_120s,0.004044023174878176
intensity_60s,0.003645145038050058
intensity_30s,0.002575916180726768
spread,6.05746019588938e-05
