{
  "total_requests": 20,
  "successful_requests": 20,
  "failed_requests": 0,
  "success_rate": 100.0,
  "total_time_seconds": 0.6647751331329346,
  "requests_per_second": 30.085361204388818,
  "latency_min_ms": 104.88319396972656,
  "latency_max_ms": 189.4221305847168,
  "latency_mean_ms": 124.42725896835327,
  "latency_median_ms": 120.09835243225098,
  "latency_stddev_ms": 18.796262533710443,
  "latency_p50_ms": 120.44477462768555,
  "latency_p95_ms": 189.4221305847168,
  "latency_p99_ms": 189.4221305847168,
  "error_breakdown": {}
}