feature,importance
volatility_30s,0.3128360452263173
volatility_60s,0.2860350537569129
volatility_120s,0.19044331700857095
price,0.07420346498787182
ask,0.05486363971480929
bid,0.04468919792391659
return_10s,0.01042106374259425
return_60s,0.009390431599753965
intensity_60s,0.006235901361023458
intensity_120s,0.004190223650208403
return_30s,0.0041367569415661845
intensity_30s,0.0024844346139342773
spread,7.046947252047103e-05
